city;city_ascii;state_name;county_name;norte-sur
Acalanes Ridge;Acalanes Ridge;California;Contra Costa;norte
Acampo;Acampo;California;San Joaquin;norte
Adin;Adin;California;Modoc;norte
Ahwahnee;Ahwahnee;California;Madera;norte
Airport;Airport;California;Stanislaus;norte
Alameda;Alameda;California;Alameda;norte
Alamo;Alamo;California;Contra Costa;norte
Albany;Albany;California;Alameda;norte
Albion;Albion;California;Mendocino;norte
Alderpoint;Alderpoint;California;Humboldt;norte
Alhambra Valley;Alhambra Valley;California;Contra Costa;norte
Alleghany;Alleghany;California;Sierra;norte
Allendale;Allendale;California;Solano;norte
Allensworth;Allensworth;California;Tulare;norte
Alpaugh;Alpaugh;California;Tulare;norte
Alpine Village;Alpine Village;California;Alpine;norte
Alta;Alta;California;Placer;norte
Alta Sierra;Alta Sierra;California;Nevada;norte
Alto;Alto;California;Marin;norte
Alturas;Alturas;California;Modoc;norte
Alum Rock;Alum Rock;California;Santa Clara;norte
Amador City;Amador City;California;Amador;norte
American Canyon;American Canyon;California;Napa;norte
Amesti;Amesti;California;Santa Cruz;norte
Anchor Bay;Anchor Bay;California;Mendocino;norte
Anderson;Anderson;California;Shasta;norte
Angels;Angels;California;Calaveras;norte
Angwin;Angwin;California;Napa;norte
Antelope;Antelope;California;Sacramento;norte
Antioch;Antioch;California;Contra Costa;norte
Aptos;Aptos;California;Santa Cruz;norte
Aptos Hills-Larkin Valley;Aptos Hills-Larkin Valley;California;Santa Cruz;norte
Arbuckle;Arbuckle;California;Colusa;norte
Arcata;Arcata;California;Humboldt;norte
Arden-Arcade;Arden-Arcade;California;Sacramento;norte
Armona;Armona;California;Kings;norte
Arnold;Arnold;California;Calaveras;norte
Aromas;Aromas;California;San Benito;norte
Artois;Artois;California;Glenn;norte
Ashland;Ashland;California;Alameda;norte
Aspen Springs;Aspen Springs;California;Mono;norte
Atherton;Atherton;California;San Mateo;norte
Atwater;Atwater;California;Merced;norte
Auberry;Auberry;California;Fresno;norte
Auburn;Auburn;California;Placer;norte
Auburn Lake Trails;Auburn Lake Trails;California;El Dorado;norte
August;August;California;San Joaquin;norte
Avenal;Avenal;California;Kings;norte
Avery;Avery;California;Calaveras;norte
Ballico;Ballico;California;Merced;norte
Bangor;Bangor;California;Butte;norte
Bass Lake;Bass Lake;California;Madera;norte
Bay Point;Bay Point;California;Contra Costa;norte
Bayview;Bayview;California;Humboldt;norte
Beale Afb;Beale Afb;California;Yuba;norte
Bear Creek;Bear Creek;California;Merced;norte
Bear Valley;Bear Valley;California;Mariposa;norte
Beckwourth;Beckwourth;California;Plumas;norte
Bella Vista;Bella Vista;California;Shasta;norte
Belmont;Belmont;California;San Mateo;norte
Belvedere;Belvedere;California;Marin;norte
Ben Lomond;Ben Lomond;California;Santa Cruz;norte
Benbow;Benbow;California;Humboldt;norte
Bend;Bend;California;Tehama;norte
Benicia;Benicia;California;Solano;norte
Benton;Benton;California;Mono;norte
Berkeley;Berkeley;California;Alameda;norte
Berry Creek;Berry Creek;California;Butte;norte
Bertsch-Oceanview;Bertsch-Oceanview;California;Del Norte;norte
Bethel Island;Bethel Island;California;Contra Costa;norte
Bieber;Bieber;California;Lassen;norte
Big Bend;Big Bend;California;Shasta;norte
Big Creek;Big Creek;California;Fresno;norte
Big Lagoon;Big Lagoon;California;Humboldt;norte
Big Pine;Big Pine;California;Inyo;norte
Biggs;Biggs;California;Butte;norte
Biola;Biola;California;Fresno;norte
Bishop;Bishop;California;Inyo;norte
Black Point-Green Point;Black Point-Green Point;California;Marin;norte
Blackhawk;Blackhawk;California;Contra Costa;norte
Blairsden;Blairsden;California;Plumas;norte
Bloomfield;Bloomfield;California;Sonoma;norte
Blue Lake;Blue Lake;California;Humboldt;norte
Bodega;Bodega;California;Sonoma;norte
Bodega Bay;Bodega Bay;California;Sonoma;norte
Bolinas;Bolinas;California;Marin;norte
Bonny Doon;Bonny Doon;California;Santa Cruz;norte
Boonville;Boonville;California;Mendocino;norte
Bootjack;Bootjack;California;Mariposa;norte
Boronda;Boronda;California;Monterey;norte
Boulder Creek;Boulder Creek;California;Santa Cruz;norte
Bowles;Bowles;California;Fresno;norte
Boyes Hot Springs;Boyes Hot Springs;California;Sonoma;norte
Bradley;Bradley;California;Monterey;norte
Brentwood;Brentwood;California;Contra Costa;norte
Bret Harte;Bret Harte;California;Stanislaus;norte
Bridgeport;Bridgeport;California;Mono;norte
Brisbane;Brisbane;California;San Mateo;norte
Broadmoor;Broadmoor;California;San Mateo;norte
Brookdale;Brookdale;California;Santa Cruz;norte
Brooktrails;Brooktrails;California;Mendocino;norte
Buck Meadows;Buck Meadows;California;Mariposa;norte
Buckhorn;Buckhorn;California;Amador;norte
Buena Vista;Buena Vista;California;Amador;norte
Burlingame;Burlingame;California;San Mateo;norte
Burney;Burney;California;Shasta;norte
Burnt Ranch;Burnt Ranch;California;Trinity;norte
Butte Creek Canyon;Butte Creek Canyon;California;Butte;norte
Butte Meadows;Butte Meadows;California;Butte;norte
Butte Valley;Butte Valley;California;Butte;norte
Byron;Byron;California;Contra Costa;norte
Bystrom;Bystrom;California;Stanislaus;norte
California Hot Springs;California Hot Springs;California;Tulare;norte
California Pines;California Pines;California;Modoc;norte
Calistoga;Calistoga;California;Napa;norte
Calpella;Calpella;California;Mendocino;norte
Calpine;Calpine;California;Sierra;norte
Calwa;Calwa;California;Fresno;norte
Camanche North Shore;Camanche North Shore;California;Amador;norte
Camanche Village;Camanche Village;California;Amador;norte
Cambrian Park;Cambrian Park;California;Santa Clara;norte
Cameron Park;Cameron Park;California;El Dorado;norte
Camino;Camino;California;El Dorado;norte
Camino Tassajara;Camino Tassajara;California;Contra Costa;norte
Campbell;Campbell;California;Santa Clara;norte
Camptonville;Camptonville;California;Yuba;norte
Canby;Canby;California;Modoc;norte
Cantua Creek;Cantua Creek;California;Fresno;norte
Capitola;Capitola;California;Santa Cruz;norte
Carmel Valley Village;Carmel Valley Village;California;Monterey;norte
Carmel-by-the-Sea;Carmel-by-the-Sea;California;Monterey;norte
Carmichael;Carmichael;California;Sacramento;norte
Carnelian Bay;Carnelian Bay;California;Placer;norte
Carrick;Carrick;California;Siskiyou;norte
Cartago;Cartago;California;Inyo;norte
Caruthers;Caruthers;California;Fresno;norte
Caspar;Caspar;California;Mendocino;norte
Cassel;Cassel;California;Shasta;norte
Castle Hill;Castle Hill;California;Contra Costa;norte
Castro Valley;Castro Valley;California;Alameda;norte
Castroville;Castroville;California;Monterey;norte
Catheys Valley;Catheys Valley;California;Mariposa;norte
Cazadero;Cazadero;California;Sonoma;norte
Cedar Ridge;Cedar Ridge;California;Tuolumne;norte
Cedarville;Cedarville;California;Modoc;norte
Centerville;Centerville;California;Fresno;norte
Ceres;Ceres;California;Stanislaus;norte
Chalfant;Chalfant;California;Mono;norte
Challenge-Brownsville;Challenge-Brownsville;California;Yuba;norte
Cherokee;Cherokee;California;Butte;norte
Cherryland;Cherryland;California;Alameda;norte
Chester;Chester;California;Plumas;norte
Chico;Chico;California;Butte;norte
Chilcoot-Vinton;Chilcoot-Vinton;California;Plumas;norte
Chinese Camp;Chinese Camp;California;Tuolumne;norte
Chowchilla;Chowchilla;California;Madera;norte
Chualar;Chualar;California;Monterey;norte
Citrus Heights;Citrus Heights;California;Sacramento;norte
Clarksburg;Clarksburg;California;Yolo;norte
Clay;Clay;California;Sacramento;norte
Clayton;Clayton;California;Contra Costa;norte
Clear Creek;Clear Creek;California;Lassen;norte
Clearlake;Clearlake;California;Lake;norte
Clearlake Oaks;Clearlake Oaks;California;Lake;norte
Clearlake Riviera;Clearlake Riviera;California;Lake;norte
Cleone;Cleone;California;Mendocino;norte
Clio;Clio;California;Plumas;norte
Clipper Mills;Clipper Mills;California;Butte;norte
Cloverdale;Cloverdale;California;Sonoma;norte
Clovis;Clovis;California;Fresno;norte
Clyde;Clyde;California;Contra Costa;norte
Coalinga;Coalinga;California;Fresno;norte
Coarsegold;Coarsegold;California;Madera;norte
Cobb;Cobb;California;Lake;norte
Coffee Creek;Coffee Creek;California;Trinity;norte
Cohasset;Cohasset;California;Butte;norte
Cold Springs;Cold Springs;California;El Dorado;norte
Coleville;Coleville;California;Mono;norte
Colfax;Colfax;California;Placer;norte
College City;College City;California;Colusa;norte
Collierville;Collierville;California;San Joaquin;norte
Colma;Colma;California;San Mateo;norte
Coloma;Coloma;California;El Dorado;norte
Columbia;Columbia;California;Tuolumne;norte
Colusa;Colusa;California;Colusa;norte
Comptche;Comptche;California;Mendocino;norte
Concord;Concord;California;Contra Costa;norte
Concow;Concow;California;Butte;norte
Contra Costa Centre;Contra Costa Centre;California;Contra Costa;norte
Copperopolis;Copperopolis;California;Calaveras;norte
Corcoran;Corcoran;California;Kings;norte
Corning;Corning;California;Tehama;norte
Corralitos;Corralitos;California;Santa Cruz;norte
Corte Madera;Corte Madera;California;Marin;norte
Cotati;Cotati;California;Sonoma;norte
Cottonwood;Cottonwood;California;Shasta;norte
Coulterville;Coulterville;California;Mariposa;norte
Country Club;Country Club;California;San Joaquin;norte
Courtland;Courtland;California;Sacramento;norte
Covelo;Covelo;California;Mendocino;norte
Cowan;Cowan;California;Stanislaus;norte
Crescent City;Crescent City;California;Del Norte;norte
Crescent Mills;Crescent Mills;California;Plumas;norte
Cressey;Cressey;California;Merced;norte
C-Road;C-Road;California;Plumas;norte
Crockett;Crockett;California;Contra Costa;norte
Cromberg;Cromberg;California;Plumas;norte
Crowley Lake;Crowley Lake;California;Mono;norte
Crows Landing;Crows Landing;California;Stanislaus;norte
Cupertino;Cupertino;California;Santa Clara;norte
Cutler;Cutler;California;Tulare;norte
Cutten;Cutten;California;Humboldt;norte
Daly City;Daly City;California;San Mateo;norte
Danville;Danville;California;Contra Costa;norte
Daphnedale Park;Daphnedale Park;California;Modoc;norte
Darwin;Darwin;California;Inyo;norte
Davenport;Davenport;California;Santa Cruz;norte
Davis;Davis;California;Yolo;norte
Day Valley;Day Valley;California;Santa Cruz;norte
Deer Park;Deer Park;California;Napa;norte
Del Monte Forest;Del Monte Forest;California;Monterey;norte
Del Rey;Del Rey;California;Fresno;norte
Del Rey Oaks;Del Rey Oaks;California;Monterey;norte
Del Rio;Del Rio;California;Stanislaus;norte
Delft Colony;Delft Colony;California;Tulare;norte
Delhi;Delhi;California;Merced;norte
Delleker;Delleker;California;Plumas;norte
Denair;Denair;California;Stanislaus;norte
Diablo;Diablo;California;Contra Costa;norte
Diablo Grande;Diablo Grande;California;Stanislaus;norte
Diamond Springs;Diamond Springs;California;El Dorado;norte
Dillon Beach;Dillon Beach;California;Marin;norte
Dinuba;Dinuba;California;Tulare;norte
Discovery Bay;Discovery Bay;California;Contra Costa;norte
Dixon;Dixon;California;Solano;norte
Dixon Lane-Meadow Creek;Dixon Lane-Meadow Creek;California;Inyo;norte
Dobbins;Dobbins;California;Yuba;norte
Dogtown;Dogtown;California;San Joaquin;norte
Dollar Point;Dollar Point;California;Placer;norte
Dorrington;Dorrington;California;Calaveras;norte
Dorris;Dorris;California;Siskiyou;norte
Dos Palos;Dos Palos;California;Merced;norte
Dos Palos Y;Dos Palos Y;California;Merced;norte
Douglas City;Douglas City;California;Trinity;norte
Downieville;Downieville;California;Sierra;norte
Doyle;Doyle;California;Lassen;norte
Drytown;Drytown;California;Amador;norte
Dublin;Dublin;California;Alameda;norte
Ducor;Ducor;California;Tulare;norte
Dunnigan;Dunnigan;California;Yolo;norte
Dunsmuir;Dunsmuir;California;Siskiyou;norte
Durham;Durham;California;Butte;norte
Dutch Flat;Dutch Flat;California;Placer;norte
Eagleville;Eagleville;California;Modoc;norte
Earlimart;Earlimart;California;Tulare;norte
East Foothills;East Foothills;California;Santa Clara;norte
East Nicolaus;East Nicolaus;California;Sutter;norte
East Oakdale;East Oakdale;California;Stanislaus;norte
East Orosi;East Orosi;California;Tulare;norte
East Palo Alto;East Palo Alto;California;San Mateo;norte
East Porterville;East Porterville;California;Tulare;norte
East Quincy;East Quincy;California;Plumas;norte
East Richmond Heights;East Richmond Heights;California;Contra Costa;norte
East Shore;East Shore;California;Plumas;norte
East Sonora;East Sonora;California;Tuolumne;norte
East Tulare Villa;East Tulare Villa;California;Tulare;norte
Easton;Easton;California;Fresno;norte
Edgewood;Edgewood;California;Siskiyou;norte
El Cerrito;El Cerrito;California;Contra Costa;norte
El Dorado Hills;El Dorado Hills;California;El Dorado;norte
El Granada;El Granada;California;San Mateo;norte
El Nido;El Nido;California;Merced;norte
El Portal;El Portal;California;Mariposa;norte
El Rancho;El Rancho;California;Tulare;norte
El Verano;El Verano;California;Sonoma;norte
Eldridge;Eldridge;California;Sonoma;norte
Elk Creek;Elk Creek;California;Glenn;norte
Elk Grove;Elk Grove;California;Sacramento;norte
Elkhorn;Elkhorn;California;Monterey;norte
Elmira;Elmira;California;Solano;norte
Elverta;Elverta;California;Sacramento;norte
Emerald Lake Hills;Emerald Lake Hills;California;San Mateo;norte
Emeryville;Emeryville;California;Alameda;norte
Empire;Empire;California;Stanislaus;norte
Escalon;Escalon;California;San Joaquin;norte
Esparto;Esparto;California;Yolo;norte
Etna;Etna;California;Siskiyou;norte
Eureka;Eureka;California;Humboldt;norte
Exeter;Exeter;California;Tulare;norte
Fair Oaks;Fair Oaks;California;Sacramento;norte
Fairfax;Fairfax;California;Marin;norte
Fairfield;Fairfield;California;Solano;norte
Fairhaven;Fairhaven;California;Humboldt;norte
Fairmead;Fairmead;California;Madera;norte
Fairview;Fairview;California;Alameda;norte
Fall River Mills;Fall River Mills;California;Shasta;norte
Farmersville;Farmersville;California;Tulare;norte
Farmington;Farmington;California;San Joaquin;norte
Felton;Felton;California;Santa Cruz;norte
Ferndale;Ferndale;California;Humboldt;norte
Fetters Hot Springs-Agua Caliente;Fetters Hot Springs-Agua Caliente;California;Sonoma;norte
Fiddletown;Fiddletown;California;Amador;norte
Fieldbrook;Fieldbrook;California;Humboldt;norte
Fields Landing;Fields Landing;California;Humboldt;norte
Firebaugh;Firebaugh;California;Fresno;norte
Fish Camp;Fish Camp;California;Mariposa;norte
Florin;Florin;California;Sacramento;norte
Flournoy;Flournoy;California;Tehama;norte
Folsom;Folsom;California;Sacramento;norte
Foothill Farms;Foothill Farms;California;Sacramento;norte
Forbestown;Forbestown;California;Butte;norte
Forest Meadows;Forest Meadows;California;Calaveras;norte
Forest Ranch;Forest Ranch;California;Butte;norte
Foresthill;Foresthill;California;Placer;norte
Forestville;Forestville;California;Sonoma;norte
Fort Bidwell;Fort Bidwell;California;Modoc;norte
Fort Bragg;Fort Bragg;California;Mendocino;norte
Fort Dick;Fort Dick;California;Del Norte;norte
Fort Jones;Fort Jones;California;Siskiyou;norte
Fort Washington;Fort Washington;California;Fresno;norte
Fortuna;Fortuna;California;Humboldt;norte
Foster City;Foster City;California;San Mateo;norte
Fowler;Fowler;California;Fresno;norte
Franklin;Franklin;California;Merced;norte
Freedom;Freedom;California;Santa Cruz;norte
Freeport;Freeport;California;Sacramento;norte
Fremont;Fremont;California;Alameda;norte
French Camp;French Camp;California;San Joaquin;norte
French Gulch;French Gulch;California;Shasta;norte
Fresno;Fresno;California;Fresno;norte
Friant;Friant;California;Fresno;norte
Fruitdale;Fruitdale;California;Santa Clara;norte
Fruitridge Pocket;Fruitridge Pocket;California;Sacramento;norte
Fulton;Fulton;California;Sonoma;norte
Furnace Creek;Furnace Creek;California;Inyo;norte
Galt;Galt;California;Sacramento;norte
Garberville;Garberville;California;Humboldt;norte
Garden Acres;Garden Acres;California;San Joaquin;norte
Gasquet;Gasquet;California;Del Norte;norte
Gazelle;Gazelle;California;Siskiyou;norte
Georgetown;Georgetown;California;El Dorado;norte
Gerber;Gerber;California;Tehama;norte
Geyserville;Geyserville;California;Sonoma;norte
Gilroy;Gilroy;California;Santa Clara;norte
Glen Ellen;Glen Ellen;California;Sonoma;norte
Gold River;Gold River;California;Sacramento;norte
Gonzales;Gonzales;California;Monterey;norte
Goodyears Bar;Goodyears Bar;California;Sierra;norte
Goshen;Goshen;California;Tulare;norte
Graeagle;Graeagle;California;Plumas;norte
Grangeville;Grangeville;California;Kings;norte
Granite Bay;Granite Bay;California;Placer;norte
Graniteville;Graniteville;California;Nevada;norte
Grass Valley;Grass Valley;California;Nevada;norte
Graton;Graton;California;Sonoma;norte
Grayson;Grayson;California;Stanislaus;norte
Greeley Hill;Greeley Hill;California;Mariposa;norte
Green Valley;Green Valley;California;Solano;norte
Greenfield;Greenfield;California;Monterey;norte
Greenhorn;Greenhorn;California;Plumas;norte
Greenview;Greenview;California;Siskiyou;norte
Greenville;Greenville;California;Plumas;norte
Grenada;Grenada;California;Siskiyou;norte
Gridley;Gridley;California;Butte;norte
Grimes;Grimes;California;Colusa;norte
Grizzly Flats;Grizzly Flats;California;El Dorado;norte
Groveland;Groveland;California;Tuolumne;norte
Guerneville;Guerneville;California;Sonoma;norte
Guinda;Guinda;California;Yolo;norte
Gustine;Gustine;California;Merced;norte
Half Moon Bay;Half Moon Bay;California;San Mateo;norte
Hamilton Branch;Hamilton Branch;California;Plumas;norte
Hamilton City;Hamilton City;California;Glenn;norte
Hanford;Hanford;California;Kings;norte
Happy Camp;Happy Camp;California;Siskiyou;norte
Hardwick;Hardwick;California;Kings;norte
Hartley;Hartley;California;Solano;norte
Hat Creek;Hat Creek;California;Shasta;norte
Hayfork;Hayfork;California;Trinity;norte
Hayward;Hayward;California;Alameda;norte
Healdsburg;Healdsburg;California;Sonoma;norte
Herald;Herald;California;Sacramento;norte
Hercules;Hercules;California;Contra Costa;norte
Herlong;Herlong;California;Lassen;norte
Hickman;Hickman;California;Stanislaus;norte
Hidden Valley Lake;Hidden Valley Lake;California;Lake;norte
Hillsborough;Hillsborough;California;San Mateo;norte
Hilmar-Irwin;Hilmar-Irwin;California;Merced;norte
Hiouchi;Hiouchi;California;Del Norte;norte
Hollister;Hollister;California;San Benito;norte
Home Garden;Home Garden;California;Kings;norte
Homewood Canyon;Homewood Canyon;California;Inyo;norte
Honcut;Honcut;California;Butte;norte
Hood;Hood;California;Sacramento;norte
Hoopa;Hoopa;California;Humboldt;norte
Hopland;Hopland;California;Mendocino;norte
Hornbrook;Hornbrook;California;Siskiyou;norte
Hornitos;Hornitos;California;Mariposa;norte
Hughson;Hughson;California;Stanislaus;norte
Humboldt Hill;Humboldt Hill;California;Humboldt;norte
Huron;Huron;California;Fresno;norte
Hyampom;Hyampom;California;Trinity;norte
Hydesville;Hydesville;California;Humboldt;norte
Independence;Independence;California;Inyo;norte
Indian Falls;Indian Falls;California;Plumas;norte
Indianola;Indianola;California;Humboldt;norte
Interlaken;Interlaken;California;Santa Cruz;norte
Inverness;Inverness;California;Marin;norte
Ione;Ione;California;Amador;norte
Iron Horse;Iron Horse;California;Plumas;norte
Isleton;Isleton;California;Sacramento;norte
Ivanhoe;Ivanhoe;California;Tulare;norte
Jackson;Jackson;California;Amador;norte
Jamestown;Jamestown;California;Tuolumne;norte
Janesville;Janesville;California;Lassen;norte
Jenner;Jenner;California;Sonoma;norte
Johnstonville;Johnstonville;California;Lassen;norte
Junction City;Junction City;California;Trinity;norte
June Lake;June Lake;California;Mono;norte
Keddie;Keddie;California;Plumas;norte
Keeler;Keeler;California;Inyo;norte
Kelly Ridge;Kelly Ridge;California;Butte;norte
Kelseyville;Kelseyville;California;Lake;norte
Kennedy;Kennedy;California;San Joaquin;norte
Kensington;Kensington;California;Contra Costa;norte
Kentfield;Kentfield;California;Marin;norte
Kenwood;Kenwood;California;Sonoma;norte
Kerman;Kerman;California;Fresno;norte
Keswick;Keswick;California;Shasta;norte
Kettleman City;Kettleman City;California;Kings;norte
Keyes;Keyes;California;Stanislaus;norte
King City;King City;California;Monterey;norte
Kings Beach;Kings Beach;California;Placer;norte
Kingsburg;Kingsburg;California;Fresno;norte
Kingvale;Kingvale;California;Nevada;norte
Kirkwood;Kirkwood;California;Alpine;norte
Klamath;Klamath;California;Del Norte;norte
Knights Landing;Knights Landing;California;Yolo;norte
Knightsen;Knightsen;California;Contra Costa;norte
La Honda;La Honda;California;San Mateo;norte
La Riviera;La Riviera;California;Sacramento;norte
La Selva Beach;La Selva Beach;California;Santa Cruz;norte
La Vina;La Vina;California;Madera;norte
Ladera;Ladera;California;San Mateo;norte
Lafayette;Lafayette;California;Contra Costa;norte
Lagunitas-Forest Knolls;Lagunitas-Forest Knolls;California;Marin;norte
Lake Almanor Country Club;Lake Almanor Country Club;California;Plumas;norte
Lake Almanor Peninsula;Lake Almanor Peninsula;California;Plumas;norte
Lake Almanor West;Lake Almanor West;California;Plumas;norte
Lake California;Lake California;California;Tehama;norte
Lake City;Lake City;California;Modoc;norte
Lake Davis;Lake Davis;California;Plumas;norte
Lake Don Pedro;Lake Don Pedro;California;Mariposa;norte
Lake of the Pines;Lake of the Pines;California;Nevada;norte
Lake Wildwood;Lake Wildwood;California;Nevada;norte
Lakehead;Lakehead;California;Shasta;norte
Lakeport;Lakeport;California;Lake;norte
Lanare;Lanare;California;Fresno;norte
Larkfield-Wikiup;Larkfield-Wikiup;California;Sonoma;norte
Larkspur;Larkspur;California;Marin;norte
Las Lomas;Las Lomas;California;Monterey;norte
Lathrop;Lathrop;California;San Joaquin;norte
Laton;Laton;California;Fresno;norte
Laytonville;Laytonville;California;Mendocino;norte
Le Grand;Le Grand;California;Merced;norte
Lee Vining;Lee Vining;California;Mono;norte
Leggett;Leggett;California;Mendocino;norte
Lemon Cove;Lemon Cove;California;Tulare;norte
Lemon Hill;Lemon Hill;California;Sacramento;norte
Lemoore;Lemoore;California;Kings;norte
Lemoore Station;Lemoore Station;California;Kings;norte
Lewiston;Lewiston;California;Trinity;norte
Lexington Hills;Lexington Hills;California;Santa Clara;norte
Lincoln;Lincoln;California;Placer;norte
Lincoln Village;Lincoln Village;California;San Joaquin;norte
Linda;Linda;California;Yuba;norte
Lindcove;Lindcove;California;Tulare;norte
Linden;Linden;California;San Joaquin;norte
Lindsay;Lindsay;California;Tulare;norte
Linnell Camp;Linnell Camp;California;Tulare;norte
Litchfield;Litchfield;California;Lassen;norte
Little River;Little River;California;Mendocino;norte
Little Valley;Little Valley;California;Lassen;norte
Live Oak;Live Oak;California;Santa Cruz;norte
Livermore;Livermore;California;Alameda;norte
Livingston;Livingston;California;Merced;norte
Lockeford;Lockeford;California;San Joaquin;norte
Lockwood;Lockwood;California;Monterey;norte
Lodi;Lodi;California;San Joaquin;norte
Lodoga;Lodoga;California;Colusa;norte
Loleta;Loleta;California;Humboldt;norte
Loma Mar;Loma Mar;California;San Mateo;norte
Loma Rica;Loma Rica;California;Yuba;norte
Lompico;Lompico;California;Santa Cruz;norte
London;London;California;Tulare;norte
Lone Pine;Lone Pine;California;Inyo;norte
Long Barn;Long Barn;California;Tuolumne;norte
Lookout;Lookout;California;Modoc;norte
Loomis;Loomis;California;Placer;norte
Los Altos;Los Altos;California;Santa Clara;norte
Los Altos Hills;Los Altos Hills;California;Santa Clara;norte
Los Banos;Los Banos;California;Merced;norte
Los Gatos;Los Gatos;California;Santa Clara;norte
Los Molinos;Los Molinos;California;Tehama;norte
Lower Lake;Lower Lake;California;Lake;norte
Loyalton;Loyalton;California;Sierra;norte
Loyola;Loyola;California;Santa Clara;norte
Lucas Valley-Marinwood;Lucas Valley-Marinwood;California;Marin;norte
Lucerne;Lucerne;California;Lake;norte
Mabie;Mabie;California;Plumas;norte
Macdoel;Macdoel;California;Siskiyou;norte
Mad River;Mad River;California;Trinity;norte
Madera;Madera;California;Madera;norte
Madera Acres;Madera Acres;California;Madera;norte
Madison;Madison;California;Yolo;norte
Magalia;Magalia;California;Butte;norte
Malaga;Malaga;California;Fresno;norte
Mammoth Lakes;Mammoth Lakes;California;Mono;norte
Manchester;Manchester;California;Mendocino;norte
Manila;Manila;California;Humboldt;norte
Manteca;Manteca;California;San Joaquin;norte
Manton;Manton;California;Tehama;norte
Marin City;Marin City;California;Marin;norte
Marina;Marina;California;Monterey;norte
Mariposa;Mariposa;California;Mariposa;norte
Markleeville;Markleeville;California;Alpine;norte
Martell;Martell;California;Amador;norte
Martinez;Martinez;California;Contra Costa;norte
Marysville;Marysville;California;Yuba;norte
Matheny;Matheny;California;Tulare;norte
Mather;Mather;California;Sacramento;norte
Maxwell;Maxwell;California;Colusa;norte
Mayfair;Mayfair;California;Fresno;norte
Mcarthur;Mcarthur;California;Shasta;norte
McClellan Park;McClellan Park;California;Sacramento;norte
McClenney Tract;McClenney Tract;California;Tulare;norte
Mccloud;Mccloud;California;Siskiyou;norte
Mckinleyville;Mckinleyville;California;Humboldt;norte
McSwain;McSwain;California;Merced;norte
Meadow Valley;Meadow Valley;California;Plumas;norte
Meadow Vista;Meadow Vista;California;Placer;norte
Mendocino;Mendocino;California;Mendocino;norte
Mendota;Mendota;California;Fresno;norte
Menlo Park;Menlo Park;California;San Mateo;norte
Merced;Merced;California;Merced;norte
Meridian;Meridian;California;Sutter;norte
Mesa;Mesa;California;Inyo;norte
Mesa Vista;Mesa Vista;California;Alpine;norte
Middletown;Middletown;California;Lake;norte
Midpines;Midpines;California;Mariposa;norte
Milford;Milford;California;Lassen;norte
Mill Valley;Mill Valley;California;Marin;norte
Millbrae;Millbrae;California;San Mateo;norte
Millville;Millville;California;Shasta;norte
Milpitas;Milpitas;California;Santa Clara;norte
Mineral;Mineral;California;Tehama;norte
Minkler;Minkler;California;Fresno;norte
Miranda;Miranda;California;Humboldt;norte
Mi-Wuk Village;Mi-Wuk Village;California;Tuolumne;norte
Modesto;Modesto;California;Stanislaus;norte
Mohawk Vista;Mohawk Vista;California;Plumas;norte
Mokelumne Hill;Mokelumne Hill;California;Calaveras;norte
Monmouth;Monmouth;California;Fresno;norte
Mono City;Mono City;California;Mono;norte
Mono Vista;Mono Vista;California;Tuolumne;norte
Monson;Monson;California;Tulare;norte
Montague;Montague;California;Siskiyou;norte
Montalvin Manor;Montalvin Manor;California;Contra Costa;norte
Montara;Montara;California;San Mateo;norte
Monte Rio;Monte Rio;California;Sonoma;norte
Monte Sereno;Monte Sereno;California;Santa Clara;norte
Monterey;Monterey;California;Monterey;norte
Monterey Park Tract;Monterey Park Tract;California;Stanislaus;norte
Montgomery Creek;Montgomery Creek;California;Shasta;norte
Monument Hills;Monument Hills;California;Yolo;norte
Morada;Morada;California;San Joaquin;norte
Moraga;Moraga;California;Contra Costa;norte
Morgan Hill;Morgan Hill;California;Santa Clara;norte
Moss Beach;Moss Beach;California;San Mateo;norte
Moss Landing;Moss Landing;California;Monterey;norte
Mount Hebron;Mount Hebron;California;Siskiyou;norte
Mount Hermon;Mount Hermon;California;Santa Cruz;norte
Mount Shasta;Mount Shasta;California;Siskiyou;norte
Mountain Gate;Mountain Gate;California;Shasta;norte
Mountain House;Mountain House;California;San Joaquin;norte
Mountain Ranch;Mountain Ranch;California;Calaveras;norte
Mountain View;Mountain View;California;Santa Clara;norte
Muir Beach;Muir Beach;California;Marin;norte
Murphys;Murphys;California;Calaveras;norte
Myers Flat;Myers Flat;California;Humboldt;norte
Myrtletown;Myrtletown;California;Humboldt;norte
Napa;Napa;California;Napa;norte
Nevada City;Nevada City;California;Nevada;norte
New Pine Creek;New Pine Creek;California;Modoc;norte
Newark;Newark;California;Alameda;norte
Newcastle;Newcastle;California;Placer;norte
Newell;Newell;California;Modoc;norte
Newman;Newman;California;Stanislaus;norte
Nicasio;Nicasio;California;Marin;norte
Nice;Nice;California;Lake;norte
Nicolaus;Nicolaus;California;Sutter;norte
Nipinnawasee;Nipinnawasee;California;Madera;norte
Nord;Nord;California;Butte;norte
Norris Canyon;Norris Canyon;California;Contra Costa;norte
North Auburn;North Auburn;California;Placer;norte
North Fair Oaks;North Fair Oaks;California;San Mateo;norte
North Gate;North Gate;California;Contra Costa;norte
North Highlands;North Highlands;California;Sacramento;norte
North Lakeport;North Lakeport;California;Lake;norte
North Richmond;North Richmond;California;Contra Costa;norte
North San Juan;North San Juan;California;Nevada;norte
Novato;Novato;California;Marin;norte
Nubieber;Nubieber;California;Lassen;norte
Oakdale;Oakdale;California;Stanislaus;norte
Oakhurst;Oakhurst;California;Madera;norte
Oakland;Oakland;California;Alameda;norte
Oakley;Oakley;California;Contra Costa;norte
Oakville;Oakville;California;Napa;norte
Occidental;Occidental;California;Sonoma;norte
Olancha;Olancha;California;Inyo;norte
Old Fig Garden;Old Fig Garden;California;Fresno;norte
Old Station;Old Station;California;Shasta;norte
Olivehurst;Olivehurst;California;Yuba;norte
Orange Cove;Orange Cove;California;Fresno;norte
Orangevale;Orangevale;California;Sacramento;norte
Orick;Orick;California;Humboldt;norte
Orinda;Orinda;California;Contra Costa;norte
Orland;Orland;California;Glenn;norte
Orosi;Orosi;California;Tulare;norte
Oroville;Oroville;California;Butte;norte
Oroville East;Oroville East;California;Butte;norte
Pacheco;Pacheco;California;Contra Costa;norte
Pacific Grove;Pacific Grove;California;Monterey;norte
Pacifica;Pacifica;California;San Mateo;norte
Pajaro;Pajaro;California;Monterey;norte
Pajaro Dunes;Pajaro Dunes;California;Santa Cruz;norte
Palermo;Palermo;California;Butte;norte
Palo Alto;Palo Alto;California;Santa Clara;norte
Palo Cedro;Palo Cedro;California;Shasta;norte
Panorama Heights;Panorama Heights;California;Tulare;norte
Paradise;Paradise;California;Butte;norte
Paradise Park;Paradise Park;California;Santa Cruz;norte
Parklawn;Parklawn;California;Stanislaus;norte
Parksdale;Parksdale;California;Madera;norte
Parkway;Parkway;California;Sacramento;norte
Parkwood;Parkwood;California;Madera;norte
Parlier;Parlier;California;Fresno;norte
Pasatiempo;Pasatiempo;California;Santa Cruz;norte
Paskenta;Paskenta;California;Tehama;norte
Patterson;Patterson;California;Stanislaus;norte
Patterson Tract;Patterson Tract;California;Tulare;norte
Patton Village;Patton Village;California;Lassen;norte
Paynes Creek;Paynes Creek;California;Tehama;norte
Pearsonville;Pearsonville;California;Inyo;norte
Penn Valley;Penn Valley;California;Nevada;norte
Penngrove;Penngrove;California;Sonoma;norte
Penryn;Penryn;California;Placer;norte
Pescadero;Pescadero;California;San Mateo;norte
Petaluma;Petaluma;California;Sonoma;norte
Peters;Peters;California;San Joaquin;norte
Phillipsville;Phillipsville;California;Humboldt;norte
Philo;Philo;California;Mendocino;norte
Phoenix Lake;Phoenix Lake;California;Tuolumne;norte
Piedmont;Piedmont;California;Alameda;norte
Pierpoint;Pierpoint;California;Tulare;norte
Pike;Pike;California;Sierra;norte
Pine Canyon;Pine Canyon;California;Monterey;norte
Pine Flat;Pine Flat;California;Tulare;norte
Pine Grove;Pine Grove;California;Amador;norte
Pine Hills;Pine Hills;California;Humboldt;norte
Pine Mountain Lake;Pine Mountain Lake;California;Tuolumne;norte
Pinole;Pinole;California;Contra Costa;norte
Pioneer;Pioneer;California;Amador;norte
Pittsburg;Pittsburg;California;Contra Costa;norte
Pixley;Pixley;California;Tulare;norte
Placerville;Placerville;California;El Dorado;norte
Plainview;Plainview;California;Tulare;norte
Planada;Planada;California;Merced;norte
Pleasant Hill;Pleasant Hill;California;Contra Costa;norte
Pleasanton;Pleasanton;California;Alameda;norte
Pleasure Point;Pleasure Point;California;Santa Cruz;norte
Plumas Eureka;Plumas Eureka;California;Plumas;norte
Plumas Lake;Plumas Lake;California;Yuba;norte
Plymouth;Plymouth;California;Amador;norte
Point Arena;Point Arena;California;Mendocino;norte
Point Reyes Station;Point Reyes Station;California;Marin;norte
Pollock Pines;Pollock Pines;California;El Dorado;norte
Ponderosa;Ponderosa;California;Tulare;norte
Poplar-Cotton Center;Poplar-Cotton Center;California;Tulare;norte
Port Costa;Port Costa;California;Contra Costa;norte
Porterville;Porterville;California;Tulare;norte
Portola;Portola;California;Plumas;norte
Portola Valley;Portola Valley;California;San Mateo;norte
Poso Park;Poso Park;California;Tulare;norte
Potter Valley;Potter Valley;California;Mendocino;norte
Prattville;Prattville;California;Plumas;norte
Princeton;Princeton;California;Colusa;norte
Proberta;Proberta;California;Tehama;norte
Prunedale;Prunedale;California;Monterey;norte
Quincy;Quincy;California;Plumas;norte
Rackerby;Rackerby;California;Butte;norte
Rail Road Flat;Rail Road Flat;California;Calaveras;norte
Raisin City;Raisin City;California;Fresno;norte
Rancho Calaveras;Rancho Calaveras;California;Calaveras;norte
Rancho Cordova;Rancho Cordova;California;Sacramento;norte
Rancho Murieta;Rancho Murieta;California;Sacramento;norte
Rancho Tehama Reserve;Rancho Tehama Reserve;California;Tehama;norte
Red Bluff;Red Bluff;California;Tehama;norte
Red Corral;Red Corral;California;Amador;norte
Redcrest;Redcrest;California;Humboldt;norte
Redding;Redding;California;Shasta;norte
Redway;Redway;California;Humboldt;norte
Redwood City;Redwood City;California;San Mateo;norte
Redwood Valley;Redwood Valley;California;Mendocino;norte
Reedley;Reedley;California;Fresno;norte
Reliez Valley;Reliez Valley;California;Contra Costa;norte
Richfield;Richfield;California;Tehama;norte
Richgrove;Richgrove;California;Tulare;norte
Richmond;Richmond;California;Contra Costa;norte
Richvale;Richvale;California;Butte;norte
Ridgemark;Ridgemark;California;San Benito;norte
Rio del Mar;Rio del Mar;California;Santa Cruz;norte
Rio Dell;Rio Dell;California;Humboldt;norte
Rio Linda;Rio Linda;California;Sacramento;norte
Rio Oso;Rio Oso;California;Sutter;norte
Rio Vista;Rio Vista;California;Solano;norte
Ripon;Ripon;California;San Joaquin;norte
River Pines;River Pines;California;Amador;norte
Riverbank;Riverbank;California;Stanislaus;norte
Riverdale;Riverdale;California;Fresno;norte
Riverdale Park;Riverdale Park;California;Stanislaus;norte
Robbins;Robbins;California;Sutter;norte
Robinson Mill;Robinson Mill;California;Butte;norte
Rocklin;Rocklin;California;Placer;norte
Rodeo;Rodeo;California;Contra Costa;norte
Rodriguez Camp;Rodriguez Camp;California;Tulare;norte
Rohnert Park;Rohnert Park;California;Sonoma;norte
Rollingwood;Rollingwood;California;Contra Costa;norte
Rosemont;Rosemont;California;Sacramento;norte
Roseville;Roseville;California;Placer;norte
Ross;Ross;California;Marin;norte
Rough And Ready;Rough And Ready;California;Nevada;norte
Round Mountain;Round Mountain;California;Shasta;norte
Round Valley;Round Valley;California;Inyo;norte
Rouse;Rouse;California;Stanislaus;norte
Ruth;Ruth;California;Trinity;norte
Rutherford;Rutherford;California;Napa;norte
Sacramento;Sacramento;California;Sacramento;norte
Salida;Salida;California;Stanislaus;norte
Salinas;Salinas;California;Monterey;norte
Salmon Creek;Salmon Creek;California;Sonoma;norte
Samoa;Samoa;California;Humboldt;norte
San Andreas;San Andreas;California;Calaveras;norte
San Anselmo;San Anselmo;California;Marin;norte
San Ardo;San Ardo;California;Monterey;norte
San Bruno;San Bruno;California;San Mateo;norte
San Carlos;San Carlos;California;San Mateo;norte
San Francisco;San Francisco;California;San Francisco;norte
San Geronimo;San Geronimo;California;Marin;norte
San Joaquin;San Joaquin;California;Fresno;norte
San Jose;San Jose;California;Santa Clara;norte
San Juan Bautista;San Juan Bautista;California;San Benito;norte
San Leandro;San Leandro;California;Alameda;norte
San Lorenzo;San Lorenzo;California;Alameda;norte
San Lucas;San Lucas;California;Monterey;norte
San Martin;San Martin;California;Santa Clara;norte
San Mateo;San Mateo;California;San Mateo;norte
San Miguel;San Miguel;California;Contra Costa;norte
San Pablo;San Pablo;California;Contra Costa;norte
San Rafael;San Rafael;California;Marin;norte
San Ramon;San Ramon;California;Contra Costa;norte
Sand City;Sand City;California;Monterey;norte
Sanger;Sanger;California;Fresno;norte
Santa Clara;Santa Clara;California;Santa Clara;norte
Santa Cruz;Santa Cruz;California;Santa Cruz;norte
Santa Nella;Santa Nella;California;Merced;norte
Santa Rosa;Santa Rosa;California;Sonoma;norte
Santa Venetia;Santa Venetia;California;Marin;norte
Saranap;Saranap;California;Contra Costa;norte
Saratoga;Saratoga;California;Santa Clara;norte
Sattley;Sattley;California;Sierra;norte
Sausalito;Sausalito;California;Marin;norte
Scotia;Scotia;California;Humboldt;norte
Scotts Valley;Scotts Valley;California;Santa Cruz;norte
Sea Ranch;Sea Ranch;California;Sonoma;norte
Seacliff;Seacliff;California;Santa Cruz;norte
Seaside;Seaside;California;Monterey;norte
Sebastopol;Sebastopol;California;Sonoma;norte
Selma;Selma;California;Fresno;norte
Sequoia Crest;Sequoia Crest;California;Tulare;norte
Sereno del Mar;Sereno del Mar;California;Sonoma;norte
Seville;Seville;California;Tulare;norte
Shasta;Shasta;California;Shasta;norte
Shasta Lake;Shasta Lake;California;Shasta;norte
Shaver Lake;Shaver Lake;California;Fresno;norte
Shell Ridge;Shell Ridge;California;Contra Costa;norte
Shelter Cove;Shelter Cove;California;Humboldt;norte
Sheridan;Sheridan;California;Placer;norte
Shingle Springs;Shingle Springs;California;El Dorado;norte
Shingletown;Shingletown;California;Shasta;norte
Shoshone;Shoshone;California;Inyo;norte
Sierra Brooks;Sierra Brooks;California;Sierra;norte
Sierra City;Sierra City;California;Sierra;norte
Sierra Village;Sierra Village;California;Tuolumne;norte
Sierraville;Sierraville;California;Sierra;norte
Silverado Resort;Silverado Resort;California;Napa;norte
Sleepy Hollow;Sleepy Hollow;California;Marin;norte
Smartsville;Smartsville;California;Yuba;norte
Smith River;Smith River;California;Del Norte;norte
Snelling;Snelling;California;Merced;norte
Soda Bay;Soda Bay;California;Lake;norte
Soda Springs;Soda Springs;California;Nevada;norte
Soledad;Soledad;California;Monterey;norte
Sonoma;Sonoma;California;Sonoma;norte
Sonora;Sonora;California;Tuolumne;norte
Soquel;Soquel;California;Santa Cruz;norte
Soulsbyville;Soulsbyville;California;Tuolumne;norte
South Dos Palos;South Dos Palos;California;Merced;norte
South Lake Tahoe;South Lake Tahoe;California;El Dorado;norte
South Oroville;South Oroville;California;Butte;norte
South San Francisco;South San Francisco;California;San Mateo;norte
Spaulding;Spaulding;California;Lassen;norte
Spreckels;Spreckels;California;Monterey;norte
Spring Garden;Spring Garden;California;Plumas;norte
Springville;Springville;California;Tulare;norte
Squaw Valley;Squaw Valley;California;Fresno;norte
St. Helena;St. Helena;California;Napa;norte
Stanford;Stanford;California;Santa Clara;norte
Stevinson;Stevinson;California;Merced;norte
Stinson Beach;Stinson Beach;California;Marin;norte
Stirling City;Stirling City;California;Butte;norte
Stockton;Stockton;California;San Joaquin;norte
Stonyford;Stonyford;California;Colusa;norte
Stratford;Stratford;California;Kings;norte
Strathmore;Strathmore;California;Tulare;norte
Strawberry;Strawberry;California;Marin;norte
Sugarloaf Village;Sugarloaf Village;California;Tulare;norte
Suisun City;Suisun City;California;Solano;norte
Sultana;Sultana;California;Tulare;norte
Sunny Slopes;Sunny Slopes;California;Mono;norte
Sunnyside;Sunnyside;California;Fresno;norte
Sunnyside-Tahoe City;Sunnyside-Tahoe City;California;Placer;norte
Sunnyvale;Sunnyvale;California;Santa Clara;norte
Sunol;Sunol;California;Alameda;norte
Susanville;Susanville;California;Lassen;norte
Sutter;Sutter;California;Sutter;norte
Sutter Creek;Sutter Creek;California;Amador;norte
Swall Meadows;Swall Meadows;California;Mono;norte
Taft Mosswood;Taft Mosswood;California;San Joaquin;norte
Tahoe Vista;Tahoe Vista;California;Placer;norte
Tahoma;Tahoma;California;Placer;norte
Talmage;Talmage;California;Mendocino;norte
Tamalpais-Homestead Valley;Tamalpais-Homestead Valley;California;Marin;norte
Tara Hills;Tara Hills;California;Contra Costa;norte
Tarpey Village;Tarpey Village;California;Fresno;norte
Taylorsville;Taylorsville;California;Plumas;norte
Tecopa;Tecopa;California;Inyo;norte
Tehama;Tehama;California;Tehama;norte
Temelec;Temelec;California;Sonoma;norte
Tennant;Tennant;California;Siskiyou;norte
Terminous;Terminous;California;San Joaquin;norte
Terra Bella;Terra Bella;California;Tulare;norte
Teviston;Teviston;California;Tulare;norte
Thermalito;Thermalito;California;Butte;norte
Thornton;Thornton;California;San Joaquin;norte
Three Rivers;Three Rivers;California;Tulare;norte
Three Rocks;Three Rocks;California;Fresno;norte
Tiburon;Tiburon;California;Marin;norte
Timber Cove;Timber Cove;California;Sonoma;norte
Tipton;Tipton;California;Tulare;norte
Tomales;Tomales;California;Marin;norte
Tonyville;Tonyville;California;Tulare;norte
Tooleville;Tooleville;California;Tulare;norte
Topaz;Topaz;California;Mono;norte
Tracy;Tracy;California;San Joaquin;norte
Tranquillity;Tranquillity;California;Fresno;norte
Traver;Traver;California;Tulare;norte
Tres Pinos;Tres Pinos;California;San Benito;norte
Trinidad;Trinidad;California;Humboldt;norte
Trinity Center;Trinity Center;California;Trinity;norte
Trinity Village;Trinity Village;California;Trinity;norte
Trona;Trona;California;Inyo;norte
Trowbridge;Trowbridge;California;Sutter;norte
Truckee;Truckee;California;Nevada;norte
Tulare;Tulare;California;Tulare;norte
Tulelake;Tulelake;California;Siskiyou;norte
Tuolumne City;Tuolumne City;California;Tuolumne;norte
Turlock;Turlock;California;Stanislaus;norte
Tuttle;Tuttle;California;Merced;norte
Tuttletown;Tuttletown;California;Tuolumne;norte
Twain;Twain;California;Plumas;norte
Twain Harte;Twain Harte;California;Tuolumne;norte
Twin Lakes;Twin Lakes;California;Santa Cruz;norte
Ukiah;Ukiah;California;Mendocino;norte
Union City;Union City;California;Alameda;norte
University of California-Davis;University of California-Davis;California;Yolo;norte
Upper Lake;Upper Lake;California;Lake;norte
Vacaville;Vacaville;California;Solano;norte
Vallecito;Vallecito;California;Calaveras;norte
Vallejo;Vallejo;California;Solano;norte
Valley Ford;Valley Ford;California;Sonoma;norte
Valley Home;Valley Home;California;Stanislaus;norte
Valley Springs;Valley Springs;California;Calaveras;norte
Verdi;Verdi;California;Sierra;norte
Victor;Victor;California;San Joaquin;norte
Vina;Vina;California;Tehama;norte
Vine Hill;Vine Hill;California;Contra Costa;norte
Vineyard;Vineyard;California;Sacramento;norte
Visalia;Visalia;California;Tulare;norte
Volcano;Volcano;California;Amador;norte
Volta;Volta;California;Merced;norte
Walker;Walker;California;Mono;norte
Wallace;Wallace;California;Calaveras;norte
Walnut Creek;Walnut Creek;California;Contra Costa;norte
Walnut Grove;Walnut Grove;California;Sacramento;norte
Washington;Washington;California;Nevada;norte
Waterford;Waterford;California;Stanislaus;norte
Waterloo;Waterloo;California;San Joaquin;norte
Watsonville;Watsonville;California;Santa Cruz;norte
Waukena;Waukena;California;Tulare;norte
Wawona;Wawona;California;Mariposa;norte
Weaverville;Weaverville;California;Trinity;norte
Weed;Weed;California;Siskiyou;norte
Weott;Weott;California;Humboldt;norte
West Bishop;West Bishop;California;Inyo;norte
West Goshen;West Goshen;California;Tulare;norte
West Menlo Park;West Menlo Park;California;San Mateo;norte
West Modesto;West Modesto;California;Stanislaus;norte
West Park;West Park;California;Fresno;norte
West Point;West Point;California;Calaveras;norte
West Sacramento;West Sacramento;California;Yolo;norte
Westhaven-Moonstone;Westhaven-Moonstone;California;Humboldt;norte
Westley;Westley;California;Stanislaus;norte
Westside;Westside;California;Fresno;norte
Westwood;Westwood;California;Lassen;norte
Wheatland;Wheatland;California;Yuba;norte
Whitehawk;Whitehawk;California;Plumas;norte
Wilkerson;Wilkerson;California;Inyo;norte
Williams;Williams;California;Colusa;norte
Willits;Willits;California;Mendocino;norte
Willow Creek;Willow Creek;California;Humboldt;norte
Willows;Willows;California;Glenn;norte
Wilton;Wilton;California;Sacramento;norte
Windsor;Windsor;California;Sonoma;norte
Winters;Winters;California;Yolo;norte
Winton;Winton;California;Merced;norte
Woodacre;Woodacre;California;Marin;norte
Woodbridge;Woodbridge;California;San Joaquin;norte
Woodlake;Woodlake;California;Tulare;norte
Woodland;Woodland;California;Yolo;norte
Woodside;Woodside;California;San Mateo;norte
Woodville;Woodville;California;Tulare;norte
Yankee Hill;Yankee Hill;California;Butte;norte
Yettem;Yettem;California;Tulare;norte
Yolo;Yolo;California;Yolo;norte
Yosemite Lakes;Yosemite Lakes;California;Madera;norte
Yosemite Valley;Yosemite Valley;California;Mariposa;norte
Yountville;Yountville;California;Napa;norte
Yreka;Yreka;California;Siskiyou;norte
Yuba City;Yuba City;California;Sutter;norte
Zayante;Zayante;California;Santa Cruz;norte
Alviso;Alviso;California;San Francisco;norte
Angels Camp;Angels Camp;California;Calaveras;norte
Annapolis;Annapolis;California;Sonoma;norte
Applegate;Applegate;California;Placer;norte
Badger;Badger;California;Tulare;norte
Bayside;Bayside;California;Humboldt;norte
Belvedere Tiburon;Belvedere Tiburon;California;San Francisco;norte
Big Bar;Big Bar;California;Trinity;norte
Big Oak Flat;Big Oak Flat;California;Tuolumne;norte
Big Sur;Big Sur;California;Monterey;norte
Birds Landing;Birds Landing;California;Solano;norte
Blairsden Graeagle;Blairsden Graeagle;California;Plumas;norte
Blocksburg;Blocksburg;California;Humboldt;norte
Branscomb;Branscomb;California;Mendocino;norte
Bridgeville;Bridgeville;California;Humboldt;norte
Brooks;Brooks;California;Yolo;norte
Browns Valley;Browns Valley;California;Yuba;norte
Brownsville;Brownsville;California;Yuba;norte
Burson;Burson;California;Calaveras;norte
Butte City;Butte City;California;Glenn;norte
Callahan;Callahan;California;Siskiyou;norte
Camp Nelson;Camp Nelson;California;Tulare;norte
Campo Seco;Campo Seco;California;Calaveras;norte
Canyon Dam;Canyon Dam;California;Plumas;norte
Capay;Capay;California;Yolo;norte
Carlotta;Carlotta;California;Humboldt;norte
Carmel;Carmel;California;Monterey;norte
Carmel By The Sea;Carmel By The Sea;California;Monterey;norte
Carmel Valley;Carmel Valley;California;Monterey;norte
Castella;Castella;California;Shasta;norte
Challenge;Challenge;California;Yuba;norte
Chilcoot;Chilcoot;California;Plumas;norte
Clements;Clements;California;San Joaquin;norte
Cool;Cool;California;El Dorado;norte
Corona Del Mar;Corona Del Mar;California;San Joaquin;norte
Davis Creek;Davis Creek;California;Modoc;norte
Death Valley;Death Valley;California;Inyo;norte
Dos Rios;Dos Rios;California;Mendocino;norte
Duncans Mills;Duncans Mills;California;Sonoma;norte
Dunlap;Dunlap;California;Fresno;norte
Echo Lake;Echo Lake;California;El Dorado;norte
El Dorado;El Dorado;California;El Dorado;norte
Elk;Elk;California;Mendocino;norte
Emigrant Gap;Emigrant Gap;California;Placer;norte
Five Points;Five Points;California;Fresno;norte
Forest Knolls;Forest Knolls;California;Marin;norte
Forks Of Salmon;Forks Of Salmon;California;Siskiyou;norte
Garden Valley;Garden Valley;California;El Dorado;norte
Glencoe;Glencoe;California;Calaveras;norte
Glenhaven;Glenhaven;California;Lake;norte
Glenn;Glenn;California;Glenn;norte
Gold Run;Gold Run;California;Placer;norte
Greenbrae;Greenbrae;California;Marin;norte
Greenwood;Greenwood;California;El Dorado;norte
Gualala;Gualala;California;Mendocino;norte
Hathaway Pines;Hathaway Pines;California;Calaveras;norte
Helm;Helm;California;Fresno;norte
Hilmar;Hilmar;California;Merced;norte
Homewood;Homewood;California;Placer;norte
Honeydew;Honeydew;California;Humboldt;norte
Hume;Hume;California;Fresno;norte
Igo;Igo;California;Shasta;norte
Jolon;Jolon;California;Monterey;norte
Klamath River;Klamath River;California;Del Norte;norte
Kneeland;Kneeland;California;Humboldt;norte
Korbel;Korbel;California;Sonoma;norte
Kyburz;Kyburz;California;El Dorado;norte
La Grange;La Grange;California;Stanislaus;norte
Lagunitas;Lagunitas;California;Marin;norte
Lakeshore;Lakeshore;California;Fresno;norte
Likely;Likely;California;Modoc;norte
Lotus;Lotus;California;El Dorado;norte
Madeline;Madeline;California;Lassen;norte
Marshall;Marshall;California;Marin;norte
Mi Wuk Village;Mi Wuk Village;California;Toulumne;norte
Mill Creek;Mill Creek;California;Tehama;norte
Miramonte;Miramonte;California;Fresno;norte
Mount Hamilton;Mount Hamilton;California;Santa Clara;norte
Navarro;Navarro;California;Mendocino;norte
North Fork;North Fork;California;Madera;norte
O Neals;O Neals;California;Madera;norte
Oak Run;Oak Run;California;Shasta;norte
Olema;Olema;California;Marin;norte
Olympic Valley;Olympic Valley;California;Placer;norte
Oregon House;Oregon House;California;Yuba;norte
Orleans;Orleans;California;Humboldt;norte
Paicines;Paicines;California;San Benito;norte
Pebble Beach;Pebble Beach;California;Monterey;norte
Petrolia;Petrolia;California;Mendocino;norte
Piercy;Piercy;California;Mendocino;norte
Pilot Hill;Pilot Hill;California;El Dorado;norte
Pinecrest;Pinecrest;California;Toulumne;norte
Platina;Platina;California;Shasta;norte
Pleasant Grove;Pleasant Grove;California;Sutter;norte
Pope Valley;Pope Valley;California;Napa;norte
Posey;Posey;California;Tulare;norte
Prather;Prather;California;Fresno;norte
Ravendale;Ravendale;California;Lassen;norte
Raymond;Raymond;California;Madera;norte
Rescue;Rescue;California;El Dorado;norte
Rio Nido;Rio Nido;California;Sonoma;norte
Saint Helena;Saint Helena;California;Napa;norte
Salyer;Salyer;California;Trinity;norte
San Gregorio;San Gregorio;California;San Mateo;norte
San Quentin;San Quentin;California;Marin;norte
Scott Bar;Scott Bar;California;Siskiyou;norte
Seiad Valley;Seiad Valley;California;Siskiyou;norte
Sequoia National Park;Sequoia National Park;California;Tulare;norte
Sheep Ranch;Sheep Ranch;California;Calaveras;norte
Sloughhouse;Sloughhouse;California;Sacramento;norte
Smartville;Smartville;California;Yuba;norte
Somerset;Somerset;California;El Dorado;norte
Somes Bar;Somes Bar;California;Siskiyou;norte
Standish;Standish;California;Lassen;norte
Strawberry Valley;Strawberry Valley;California;Yuba;norte
Sugarloaf;Sugarloaf;California;Tulare;norte
Tahoe City;Tahoe City;California;Placer;norte
Termo;Termo;California;Lassen;norte
The Sea Ranch;The Sea Ranch;California;Sonoma;norte
Tollhouse;Tollhouse;California;Fresno;norte
Travis Afb;Travis Afb;California;Solano;norte
Tuolumne;Tuolumne;California;Toulumne;norte
Twin Bridges;Twin Bridges;California;El Dorado;norte
Vernalis;Vernalis;California;San Joaquin;norte
Weimar;Weimar;California;Placer;norte
Wendel;Wendel;California;Lassen;norte
Westport;Westport;California;Mendocino;norte
Whitethorn;Whitethorn;California;Humboldt;norte
Whitmore;Whitmore;California;Shasta;norte
Wilseyville;Wilseyville;California;Calaveras;norte
Wishon;Wishon;California;Madera;norte
Witter Springs;Witter Springs;California;Lake;norte
Yosemite National Park;Yosemite National Park;California;Mariposa;norte
Zenia;Zenia;California;Trinity;norte
Aliso Viejo;Aliso Viejo;California;Orange;sur
Anaheim;Anaheim;California;Orange;sur
Arroyo Grande;Arroyo Grande;California;San Luis Obispo;sur
Atascadero;Atascadero;California;San Luis Obispo;sur
Avila Beach;Avila Beach;California;San Luis Obispo;sur
Ballard;Ballard;California;Santa Barbara;sur
Bell Canyon;Bell Canyon;California;Ventura;sur
Blacklake;Blacklake;California;San Luis Obispo;sur
Bombay Beach;Bombay Beach;California;Imperial;sur
Brawley;Brawley;California;Imperial;sur
Brea;Brea;California;Orange;sur
Buellton;Buellton;California;Santa Barbara;sur
Buena Park;Buena Park;California;Orange;sur
Calexico;Calexico;California;Imperial;sur
Calipatria;Calipatria;California;Imperial;sur
Callender;Callender;California;San Luis Obispo;sur
Camarillo;Camarillo;California;Ventura;sur
Cambria;Cambria;California;San Luis Obispo;sur
Carpinteria;Carpinteria;California;Santa Barbara;sur
Casa Conejo;Casa Conejo;California;Ventura;sur
Casmalia;Casmalia;California;Santa Barbara;sur
Cayucos;Cayucos;California;San Luis Obispo;sur
Channel Islands Beach;Channel Islands Beach;California;Ventura;sur
Costa Mesa;Costa Mesa;California;Orange;sur
Coto de Caza;Coto de Caza;California;Orange;sur
Creston;Creston;California;San Luis Obispo;sur
Cuyama;Cuyama;California;Santa Barbara;sur
Cypress;Cypress;California;Orange;sur
Dana Point;Dana Point;California;Orange;sur
Desert Shores;Desert Shores;California;Imperial;sur
Edna;Edna;California;San Luis Obispo;sur
El Centro;El Centro;California;Imperial;sur
El Paso de Robles;El Paso de Robles;California;San Luis Obispo;sur
El Rio;El Rio;California;Ventura;sur
Fillmore;Fillmore;California;Ventura;sur
Fountain Valley;Fountain Valley;California;Orange;sur
Fullerton;Fullerton;California;Orange;sur
Garden Farms;Garden Farms;California;San Luis Obispo;sur
Garden Grove;Garden Grove;California;Orange;sur
Garey;Garey;California;Santa Barbara;sur
Goleta;Goleta;California;Santa Barbara;sur
Grover Beach;Grover Beach;California;San Luis Obispo;sur
Guadalupe;Guadalupe;California;Santa Barbara;sur
Heber;Heber;California;Imperial;sur
Holtville;Holtville;California;Imperial;sur
Huntington Beach;Huntington Beach;California;Orange;sur
Imperial;Imperial;California;Imperial;sur
Irvine;Irvine;California;Orange;sur
Isla Vista;Isla Vista;California;Santa Barbara;sur
La Habra;La Habra;California;Orange;sur
La Palma;La Palma;California;Orange;sur
Ladera Ranch;Ladera Ranch;California;Orange;sur
Laguna Beach;Laguna Beach;California;Orange;sur
Laguna Hills;Laguna Hills;California;Orange;sur
Laguna Niguel;Laguna Niguel;California;Orange;sur
Laguna Woods;Laguna Woods;California;Orange;sur
Lake Forest;Lake Forest;California;Orange;sur
Lake Nacimiento;Lake Nacimiento;California;San Luis Obispo;sur
Lake Sherwood;Lake Sherwood;California;Ventura;sur
Las Flores;Las Flores;California;Orange;sur
Lompoc;Lompoc;California;Santa Barbara;sur
Los Alamitos;Los Alamitos;California;Orange;sur
Los Alamos;Los Alamos;California;Santa Barbara;sur
Los Berros;Los Berros;California;San Luis Obispo;sur
Los Olivos;Los Olivos;California;Santa Barbara;sur
Los Osos;Los Osos;California;San Luis Obispo;sur
Los Ranchos;Los Ranchos;California;San Luis Obispo;sur
Meiners Oaks;Meiners Oaks;California;Ventura;sur
Midway City;Midway City;California;Orange;sur
Mira Monte;Mira Monte;California;Ventura;sur
Mission Canyon;Mission Canyon;California;Santa Barbara;sur
Mission Hills;Mission Hills;California;Santa Barbara;sur
Mission Viejo;Mission Viejo;California;Orange;sur
Montecito;Montecito;California;Santa Barbara;sur
Moorpark;Moorpark;California;Ventura;sur
Morro Bay;Morro Bay;California;San Luis Obispo;sur
New Cuyama;New Cuyama;California;Santa Barbara;sur
Newport Beach;Newport Beach;California;Orange;sur
Niland;Niland;California;Imperial;sur
Nipomo;Nipomo;California;San Luis Obispo;sur
North Tustin;North Tustin;California;Orange;sur
Oak Park;Oak Park;California;Ventura;sur
Oak Shores;Oak Shores;California;San Luis Obispo;sur
Oak View;Oak View;California;Ventura;sur
Oceano;Oceano;California;San Luis Obispo;sur
Ocotillo;Ocotillo;California;Imperial;sur
Ojai;Ojai;California;Ventura;sur
Orange;Orange;California;Orange;sur
Orcutt;Orcutt;California;Santa Barbara;sur
Oxnard;Oxnard;California;Ventura;sur
Palo Verde;Palo Verde;California;Imperial;sur
Piru;Piru;California;Ventura;sur
Pismo Beach;Pismo Beach;California;San Luis Obispo;sur
Placentia;Placentia;California;Orange;sur
Port Hueneme;Port Hueneme;California;Ventura;sur
Rancho Santa Margarita;Rancho Santa Margarita;California;Orange;sur
Rossmoor;Rossmoor;California;Orange;sur
Salton City;Salton City;California;Imperial;sur
Salton Sea Beach;Salton Sea Beach;California;Imperial;sur
San Buenaventura;San Buenaventura;California;Ventura;sur
San Clemente;San Clemente;California;Orange;sur
San Juan Capistrano;San Juan Capistrano;California;Orange;sur
San Luis Obispo;San Luis Obispo;California;San Luis Obispo;sur
San Simeon;San Simeon;California;San Luis Obispo;sur
Santa Ana;Santa Ana;California;Orange;sur
Santa Barbara;Santa Barbara;California;Santa Barbara;sur
Santa Margarita;Santa Margarita;California;San Luis Obispo;sur
Santa Maria;Santa Maria;California;Santa Barbara;sur
Santa Paula;Santa Paula;California;Ventura;sur
Santa Rosa Valley;Santa Rosa Valley;California;Ventura;sur
Santa Susana;Santa Susana;California;Ventura;sur
Santa Ynez;Santa Ynez;California;Santa Barbara;sur
Saticoy;Saticoy;California;Ventura;sur
Seal Beach;Seal Beach;California;Orange;sur
Seeley;Seeley;California;Imperial;sur
Shandon;Shandon;California;San Luis Obispo;sur
Simi Valley;Simi Valley;California;Ventura;sur
Sisquoc;Sisquoc;California;Santa Barbara;sur
Solvang;Solvang;California;Santa Barbara;sur
Stanton;Stanton;California;Orange;sur
Summerland;Summerland;California;Santa Barbara;sur
Templeton;Templeton;California;San Luis Obispo;sur
Thousand Oaks;Thousand Oaks;California;Ventura;sur
Toro Canyon;Toro Canyon;California;Santa Barbara;sur
Tustin;Tustin;California;Orange;sur
Vandenberg AFB;Vandenberg AFB;California;Santa Barbara;sur
Vandenberg Village;Vandenberg Village;California;Santa Barbara;sur
Villa Park;Villa Park;California;Orange;sur
Westminster;Westminster;California;Orange;sur
Westmorland;Westmorland;California;Imperial;sur
Whitley Gardens;Whitley Gardens;California;San Luis Obispo;sur
Winterhaven;Winterhaven;California;Imperial;sur
Woodlands;Woodlands;California;San Luis Obispo;sur
Yorba Linda;Yorba Linda;California;Orange;sur
Capistrano Beach;Capistrano Beach;California;Orange;sur
Foothill Ranch;Foothill Ranch;California;Orange;sur
Newbury Park;Newbury Park;California;Ventura;sur
Newport Coast;Newport Coast;California;Orange;sur
Paso Robles;Paso Robles;California;San Luis Obispo;sur
Silverado;Silverado;California;Orange;sur
Somis;Somis;California;Ventura;sur
Sunset Beach;Sunset Beach;California;Orange;sur
Surfside;Surfside;California;Orange;sur
Trabuco Canyon;Trabuco Canyon;California;Orange;sur
Ventura;Ventura;California;Ventura;sur
Arvin;Arvin;California;Kern;sur
Bakersfield;Bakersfield;California;Kern;sur
Bear Valley Springs;Bear Valley Springs;California;Kern;sur
Bodfish;Bodfish;California;Kern;sur
Boron;Boron;California;Kern;sur
Buttonwillow;Buttonwillow;California;Kern;sur
California City;California City;California;Kern;sur
Cherokee Strip;Cherokee Strip;California;Kern;sur
China Lake Acres;China Lake Acres;California;Kern;sur
Delano;Delano;California;Kern;sur
Derby Acres;Derby Acres;California;Kern;sur
Dustin Acres;Dustin Acres;California;Kern;sur
Edmundson Acres;Edmundson Acres;California;Kern;sur
Edwards AFB;Edwards AFB;California;Kern;sur
Fellows;Fellows;California;Kern;sur
Ford City;Ford City;California;Kern;sur
Frazier Park;Frazier Park;California;Kern;sur
Fuller Acres;Fuller Acres;California;Kern;sur
Golden Hills;Golden Hills;California;Kern;sur
Greenacres;Greenacres;California;Kern;sur
Inyokern;Inyokern;California;Kern;sur
Johannesburg;Johannesburg;California;Kern;sur
Keene;Keene;California;Kern;sur
Kernville;Kernville;California;Kern;sur
Lake Isabella;Lake Isabella;California;Kern;sur
Lake of the Woods;Lake of the Woods;California;Kern;sur
Lamont;Lamont;California;Kern;sur
Lebec;Lebec;California;Kern;sur
Lost Hills;Lost Hills;California;Kern;sur
Maricopa;Maricopa;California;Kern;sur
McFarland;McFarland;California;Kern;sur
McKittrick;McKittrick;California;Kern;sur
Mettler;Mettler;California;Kern;sur
Mexican Colony;Mexican Colony;California;Kern;sur
Mojave;Mojave;California;Kern;sur
Mountain Mesa;Mountain Mesa;California;Kern;sur
North Edwards;North Edwards;California;Kern;sur
Oildale;Oildale;California;Kern;sur
Onyx;Onyx;California;Kern;sur
Pine Mountain Club;Pine Mountain Club;California;Kern;sur
Randsburg;Randsburg;California;Kern;sur
Ridgecrest;Ridgecrest;California;Kern;sur
Rosamond;Rosamond;California;Kern;sur
Rosedale;Rosedale;California;Kern;sur
Shafter;Shafter;California;Kern;sur
Smith Corner;Smith Corner;California;Kern;sur
South Taft;South Taft;California;Kern;sur
Squirrel Mountain Valley;Squirrel Mountain Valley;California;Kern;sur
Stallion Springs;Stallion Springs;California;Kern;sur
Taft;Taft;California;Kern;sur
Taft Heights;Taft Heights;California;Kern;sur
Tehachapi;Tehachapi;California;Kern;sur
Tupman;Tupman;California;Kern;sur
Valley Acres;Valley Acres;California;Kern;sur
Wasco;Wasco;California;Kern;sur
Weedpatch;Weedpatch;California;Kern;sur
Weldon;Weldon;California;Kern;sur
Wofford Heights;Wofford Heights;California;Kern;sur
Caliente;Caliente;California;Kern;sur
Edwards;Edwards;California;Kern;sur
Glennville;Glennville;California;Kern;sur
Mc Farland;Mc Farland;California;Kern;sur
Mc Kittrick;Mc Kittrick;California;Kern;sur
Woody;Woody;California;Kern;sur
Alpine;Alpine;California;San Diego;sur
Bonita;Bonita;California;San Diego;sur
Bonsall;Bonsall;California;San Diego;sur
Borrego Springs;Borrego Springs;California;San Diego;sur
Bostonia;Bostonia;California;San Diego;sur
Boulevard;Boulevard;California;San Diego;sur
Camp Pendleton North;Camp Pendleton North;California;San Diego;sur
Camp Pendleton South;Camp Pendleton South;California;San Diego;sur
Campo;Campo;California;San Diego;sur
Carlsbad;Carlsbad;California;San Diego;sur
Casa de Oro-Mount Helix;Casa de Oro-Mount Helix;California;San Diego;sur
Chula Vista;Chula Vista;California;San Diego;sur
Coronado;Coronado;California;San Diego;sur
Crest;Crest;California;San Diego;sur
Del Mar;Del Mar;California;San Diego;sur
Descanso;Descanso;California;San Diego;sur
El Cajon;El Cajon;California;San Diego;sur
Encinitas;Encinitas;California;San Diego;sur
Escondido;Escondido;California;San Diego;sur
Eucalyptus Hills;Eucalyptus Hills;California;San Diego;sur
Fairbanks Ranch;Fairbanks Ranch;California;San Diego;sur
Fallbrook;Fallbrook;California;San Diego;sur
Granite Hills;Granite Hills;California;San Diego;sur
Harbison Canyon;Harbison Canyon;California;San Diego;sur
Hidden Meadows;Hidden Meadows;California;San Diego;sur
Imperial Beach;Imperial Beach;California;San Diego;sur
Jacumba;Jacumba;California;San Diego;sur
Jamul;Jamul;California;San Diego;sur
Julian;Julian;California;San Diego;sur
La Mesa;La Mesa;California;San Diego;sur
La Presa;La Presa;California;San Diego;sur
Lake San Marcos;Lake San Marcos;California;San Diego;sur
Lakeside;Lakeside;California;San Diego;sur
Lemon Grove;Lemon Grove;California;San Diego;sur
Mount Laguna;Mount Laguna;California;San Diego;sur
National City;National City;California;San Diego;sur
Oceanside;Oceanside;California;San Diego;sur
Pala;Pala;California;San Diego;sur
Pine Valley;Pine Valley;California;San Diego;sur
Potrero;Potrero;California;San Diego;sur
Poway;Poway;California;San Diego;sur
Rainbow;Rainbow;California;San Diego;sur
Ramona;Ramona;California;San Diego;sur
Rancho San Diego;Rancho San Diego;California;San Diego;sur
Rancho Santa Fe;Rancho Santa Fe;California;San Diego;sur
San Diego;San Diego;California;San Diego;sur
San Diego Country Estates;San Diego Country Estates;California;San Diego;sur
San Marcos;San Marcos;California;San Diego;sur
Santee;Santee;California;San Diego;sur
Solana Beach;Solana Beach;California;San Diego;sur
Spring Valley;Spring Valley;California;San Diego;sur
Valley Center;Valley Center;California;San Diego;sur
Vista;Vista;California;San Diego;sur
Winter Gardens;Winter Gardens;California;San Diego;sur
Cardiff By The Sea;Cardiff By The Sea;California;San Diego;sur
Dulzura;Dulzura;California;San Diego;sur
Guatay;Guatay;California;San Diego;sur
La Jolla;La Jolla;California;San Diego;sur
Palomar Mountain;Palomar Mountain;California;San Diego;sur
Pauma Valley;Pauma Valley;California;San Diego;sur
Ranchita;Ranchita;California;San Diego;sur
San Ysidro;San Ysidro;California;San Diego;sur
Santa Ysabel;Santa Ysabel;California;San Diego;sur
Tecate;Tecate;California;San Diego;sur
Warner Springs;Warner Springs;California;San Diego;sur
Adelanto;Adelanto;California;San Bernardino;sur
Apple Valley;Apple Valley;California;San Bernardino;sur
Baker;Baker;California;San Bernardino;sur
Barstow;Barstow;California;San Bernardino;sur
Big Bear City;Big Bear City;California;San Bernardino;sur
Big Bear Lake;Big Bear Lake;California;San Bernardino;sur
Big River;Big River;California;San Bernardino;sur
Bloomington;Bloomington;California;San Bernardino;sur
Bluewater;Bluewater;California;San Bernardino;sur
Chino;Chino;California;San Bernardino;sur
Chino Hills;Chino Hills;California;San Bernardino;sur
Colton;Colton;California;San Bernardino;sur
Crestline;Crestline;California;San Bernardino;sur
Fontana;Fontana;California;San Bernardino;sur
Fort Irwin;Fort Irwin;California;San Bernardino;sur
Grand Terrace;Grand Terrace;California;San Bernardino;sur
Hesperia;Hesperia;California;San Bernardino;sur
Highland;Highland;California;San Bernardino;sur
Homestead Valley;Homestead Valley;California;San Bernardino;sur
Joshua Tree;Joshua Tree;California;San Bernardino;sur
Lake Arrowhead;Lake Arrowhead;California;San Bernardino;sur
Lenwood;Lenwood;California;San Bernardino;sur
Loma Linda;Loma Linda;California;San Bernardino;sur
Lucerne Valley;Lucerne Valley;California;San Bernardino;sur
Lytle Creek;Lytle Creek;California;San Bernardino;sur
Mentone;Mentone;California;San Bernardino;sur
Montclair;Montclair;California;San Bernardino;sur
Morongo Valley;Morongo Valley;California;San Bernardino;sur
Mountain View Acres;Mountain View Acres;California;San Bernardino;sur
Muscoy;Muscoy;California;San Bernardino;sur
Needles;Needles;California;San Bernardino;sur
Oak Glen;Oak Glen;California;San Bernardino;sur
Oak Hills;Oak Hills;California;San Bernardino;sur
Ontario;Ontario;California;San Bernardino;sur
Phelan;Phelan;California;San Bernardino;sur
Pinon Hills;Pinon Hills;California;San Bernardino;sur
Rancho Cucamonga;Rancho Cucamonga;California;San Bernardino;sur
Redlands;Redlands;California;San Bernardino;sur
Rialto;Rialto;California;San Bernardino;sur
Running Springs;Running Springs;California;San Bernardino;sur
San Antonio Heights;San Antonio Heights;California;San Bernardino;sur
San Bernardino;San Bernardino;California;San Bernardino;sur
Searles Valley;Searles Valley;California;San Bernardino;sur
Silver Lakes;Silver Lakes;California;San Bernardino;sur
Spring Valley Lake;Spring Valley Lake;California;San Bernardino;sur
Twentynine Palms;Twentynine Palms;California;San Bernardino;sur
Upland;Upland;California;San Bernardino;sur
Victorville;Victorville;California;San Bernardino;sur
Wrightwood;Wrightwood;California;San Bernardino;sur
Yucaipa;Yucaipa;California;San Bernardino;sur
Yucca Valley;Yucca Valley;California;San Bernardino;sur
Amboy;Amboy;California;San Bernardino;sur
Angelus Oaks;Angelus Oaks;California;San Bernardino;sur
Cedar Glen;Cedar Glen;California;San Bernardino;sur
Daggett;Daggett;California;San Bernardino;sur
Earp;Earp;California;San Bernardino;sur
Essex;Essex;California;San Bernardino;sur
Fawnskin;Fawnskin;California;San Bernardino;sur
Forest Falls;Forest Falls;California;San Bernardino;sur
Green Valley Lake;Green Valley Lake;California;San Bernardino;sur
Helendale;Helendale;California;San Bernardino;sur
Hinkley;Hinkley;California;San Bernardino;sur
Landers;Landers;California;San Bernardino;sur
Ludlow;Ludlow;California;San Bernardino;sur
Mt Baldy;Mt Baldy;California;San Bernardino;sur
Newberry Springs;Newberry Springs;California;San Bernardino;sur
Nipton;Nipton;California;San Bernardino;sur
Oro Grande;Oro Grande;California;San Bernardino;sur
Parker Dam;Parker Dam;California;San Bernardino;sur
Pioneertown;Pioneertown;California;San Bernardino;sur
Vidal;Vidal;California;San Bernardino;sur
Yermo;Yermo;California;San Bernardino;sur
Aguanga;Aguanga;California;Riverside;sur
Anza;Anza;California;Riverside;sur
Banning;Banning;California;Riverside;sur
Beaumont;Beaumont;California;Riverside;sur
Bermuda Dunes;Bermuda Dunes;California;Riverside;sur
Blythe;Blythe;California;Riverside;sur
Cabazon;Cabazon;California;Riverside;sur
Calimesa;Calimesa;California;Riverside;sur
Canyon Lake;Canyon Lake;California;Riverside;sur
Cathedral City;Cathedral City;California;Riverside;sur
Cherry Valley;Cherry Valley;California;Riverside;sur
Coachella;Coachella;California;Riverside;sur
Corona;Corona;California;Riverside;sur
Coronita;Coronita;California;Riverside;sur
Desert Center;Desert Center;California;Riverside;sur
Desert Edge;Desert Edge;California;Riverside;sur
Desert Hot Springs;Desert Hot Springs;California;Riverside;sur
Desert Palms;Desert Palms;California;Riverside;sur
East Hemet;East Hemet;California;Riverside;sur
Eastvale;Eastvale;California;Riverside;sur
El Sobrante;El Sobrante;California;Riverside;sur
French Valley;French Valley;California;Riverside;sur
Garnet;Garnet;California;Riverside;sur
Good Hope;Good Hope;California;Riverside;sur
Hemet;Hemet;California;Riverside;sur
Highgrove;Highgrove;California;Riverside;sur
Home Gardens;Home Gardens;California;Riverside;sur
Homeland;Homeland;California;Riverside;sur
Idyllwild-Pine Cove;Idyllwild-Pine Cove;California;Riverside;sur
Indian Wells;Indian Wells;California;Riverside;sur
Indio;Indio;California;Riverside;sur
Indio Hills;Indio Hills;California;Riverside;sur
Jurupa Valley;Jurupa Valley;California;Riverside;sur
La Quinta;La Quinta;California;Riverside;sur
Lake Elsinore;Lake Elsinore;California;Riverside;sur
Lake Mathews;Lake Mathews;California;Riverside;sur
Lake Riverside;Lake Riverside;California;Riverside;sur
Lakeland Village;Lakeland Village;California;Riverside;sur
Lakeview;Lakeview;California;Riverside;sur
March ARB;March ARB;California;Riverside;sur
Mead Valley;Mead Valley;California;Riverside;sur
Meadowbrook;Meadowbrook;California;Riverside;sur
Mecca;Mecca;California;Riverside;sur
Menifee;Menifee;California;Riverside;sur
Mesa Verde;Mesa Verde;California;Riverside;sur
Moreno Valley;Moreno Valley;California;Riverside;sur
Moskowite Corner;Moskowite Corner;California;Riverside;sur
Murrieta;Murrieta;California;Riverside;sur
Norco;Norco;California;Riverside;sur
North Shore;North Shore;California;Riverside;sur
Nuevo;Nuevo;California;Riverside;sur
Oasis;Oasis;California;Riverside;sur
Palm Desert;Palm Desert;California;Riverside;sur
Palm Springs;Palm Springs;California;Riverside;sur
Perris;Perris;California;Riverside;sur
Rancho Mirage;Rancho Mirage;California;Riverside;sur
Ripley;Ripley;California;Riverside;sur
Riverside;Riverside;California;Riverside;sur
Romoland;Romoland;California;Riverside;sur
San Jacinto;San Jacinto;California;Riverside;sur
Sky Valley;Sky Valley;California;Riverside;sur
Temecula;Temecula;California;Riverside;sur
Temescal Valley;Temescal Valley;California;Riverside;sur
Thermal;Thermal;California;Riverside;sur
Thousand Palms;Thousand Palms;California;Riverside;sur
Valle Vista;Valle Vista;California;Riverside;sur
Vista Santa Rosa;Vista Santa Rosa;California;Riverside;sur
Warm Springs;Warm Springs;California;Riverside;sur
Whitewater;Whitewater;California;Riverside;sur
Wildomar;Wildomar;California;Riverside;sur
Winchester;Winchester;California;Riverside;sur
Woodcrest;Woodcrest;California;Riverside;sur
Idyllwild;Idyllwild;California;Riverside;sur
March Air Reserve Base;March Air Reserve Base;California;Riverside;sur
Mira Loma;Mira Loma;California;Riverside;sur
Mountain Center;Mountain Center;California;Riverside;sur
North Palm Springs;North Palm Springs;California;Riverside;sur
Sun City;Sun City;California;Riverside;sur
White Water;White Water;California;Riverside;sur
Acton;Acton;California;Los Angeles;sur
Agoura Hills;Agoura Hills;California;Los Angeles;sur
Agua Dulce;Agua Dulce;California;Los Angeles;sur
Alhambra;Alhambra;California;Los Angeles;sur
Alondra Park;Alondra Park;California;Los Angeles;sur
Altadena;Altadena;California;Los Angeles;sur
Arcadia;Arcadia;California;Los Angeles;sur
Artesia;Artesia;California;Los Angeles;sur
Avalon;Avalon;California;Los Angeles;sur
Avocado Heights;Avocado Heights;California;Los Angeles;sur
Azusa;Azusa;California;Los Angeles;sur
Baldwin Park;Baldwin Park;California;Los Angeles;sur
Bell;Bell;California;Los Angeles;sur
Bell Gardens;Bell Gardens;California;Los Angeles;sur
Bellflower;Bellflower;California;Los Angeles;sur
Beverly Hills;Beverly Hills;California;Los Angeles;sur
Bradbury;Bradbury;California;Los Angeles;sur
Burbank;Burbank;California;Los Angeles;sur
Calabasas;Calabasas;California;Los Angeles;sur
Carson;Carson;California;Los Angeles;sur
Castaic;Castaic;California;Los Angeles;sur
Cerritos;Cerritos;California;Los Angeles;sur
Charter Oak;Charter Oak;California;Los Angeles;sur
Citrus;Citrus;California;Los Angeles;sur
Claremont;Claremont;California;Los Angeles;sur
Commerce;Commerce;California;Los Angeles;sur
Compton;Compton;California;Los Angeles;sur
Covina;Covina;California;Los Angeles;sur
Cudahy;Cudahy;California;Los Angeles;sur
Culver City;Culver City;California;Los Angeles;sur
Del Aire;Del Aire;California;Los Angeles;sur
Desert View Highlands;Desert View Highlands;California;Los Angeles;sur
Diamond Bar;Diamond Bar;California;Los Angeles;sur
Downey;Downey;California;Los Angeles;sur
Duarte;Duarte;California;Los Angeles;sur
East Los Angeles;East Los Angeles;California;Los Angeles;sur
East Pasadena;East Pasadena;California;Los Angeles;sur
East Rancho Dominguez;East Rancho Dominguez;California;Los Angeles;sur
East San Gabriel;East San Gabriel;California;Los Angeles;sur
East Whittier;East Whittier;California;Los Angeles;sur
El Monte;El Monte;California;Los Angeles;sur
El Segundo;El Segundo;California;Los Angeles;sur
Elizabeth Lake;Elizabeth Lake;California;Los Angeles;sur
Florence-Graham;Florence-Graham;California;Los Angeles;sur
Gardena;Gardena;California;Los Angeles;sur
Glendale;Glendale;California;Los Angeles;sur
Glendora;Glendora;California;Los Angeles;sur
Hacienda Heights;Hacienda Heights;California;Los Angeles;sur
Hasley Canyon;Hasley Canyon;California;Los Angeles;sur
Hawaiian Gardens;Hawaiian Gardens;California;Los Angeles;sur
Hawthorne;Hawthorne;California;Los Angeles;sur
Hermosa Beach;Hermosa Beach;California;Los Angeles;sur
Hidden Hills;Hidden Hills;California;Los Angeles;sur
Huntington Park;Huntington Park;California;Los Angeles;sur
Industry;Industry;California;Los Angeles;sur
Inglewood;Inglewood;California;Los Angeles;sur
Irwindale;Irwindale;California;Los Angeles;sur
La Canada Flintridge;La Canada Flintridge;California;Los Angeles;sur
La Crescenta-Montrose;La Crescenta-Montrose;California;Los Angeles;sur
La Habra Heights;La Habra Heights;California;Los Angeles;sur
La Mirada;La Mirada;California;Los Angeles;sur
La Puente;La Puente;California;Los Angeles;sur
La Verne;La Verne;California;Los Angeles;sur
Ladera Heights;Ladera Heights;California;Los Angeles;sur
Lake Hughes;Lake Hughes;California;Los Angeles;sur
Lake Los Angeles;Lake Los Angeles;California;Los Angeles;sur
Lakewood;Lakewood;California;Los Angeles;sur
Lancaster;Lancaster;California;Los Angeles;sur
Lawndale;Lawndale;California;Los Angeles;sur
Lennox;Lennox;California;Los Angeles;sur
Leona Valley;Leona Valley;California;Los Angeles;sur
Littlerock;Littlerock;California;Los Angeles;sur
Lomita;Lomita;California;Los Angeles;sur
Long Beach;Long Beach;California;Los Angeles;sur
Los Angeles;Los Angeles;California;Los Angeles;sur
Lynwood;Lynwood;California;Los Angeles;sur
Malibu;Malibu;California;Los Angeles;sur
Manhattan Beach;Manhattan Beach;California;Los Angeles;sur
Marina Del Rey;Marina Del Rey;California;Los Angeles;sur
Mayflower Village;Mayflower Village;California;Los Angeles;sur
Maywood;Maywood;California;Los Angeles;sur
Monrovia;Monrovia;California;Los Angeles;sur
Montebello;Montebello;California;Los Angeles;sur
Monterey Park;Monterey Park;California;Los Angeles;sur
North El Monte;North El Monte;California;Los Angeles;sur
Norwalk;Norwalk;California;Los Angeles;sur
Palmdale;Palmdale;California;Los Angeles;sur
Palos Verdes Estates;Palos Verdes Estates;California;Los Angeles;sur
Paramount;Paramount;California;Los Angeles;sur
Pasadena;Pasadena;California;Los Angeles;sur
Pico Rivera;Pico Rivera;California;Los Angeles;sur
Pomona;Pomona;California;Los Angeles;sur
Quartz Hill;Quartz Hill;California;Los Angeles;sur
Rancho Palos Verdes;Rancho Palos Verdes;California;Los Angeles;sur
Redondo Beach;Redondo Beach;California;Los Angeles;sur
Rolling Hills;Rolling Hills;California;Los Angeles;sur
Rolling Hills Estates;Rolling Hills Estates;California;Los Angeles;sur
Rose Hills;Rose Hills;California;Los Angeles;sur
Rosemead;Rosemead;California;Los Angeles;sur
Rowland Heights;Rowland Heights;California;Los Angeles;sur
San Dimas;San Dimas;California;Los Angeles;sur
San Fernando;San Fernando;California;Los Angeles;sur
San Gabriel;San Gabriel;California;Los Angeles;sur
San Marino;San Marino;California;Los Angeles;sur
San Pasqual;San Pasqual;California;Los Angeles;sur
Santa Clarita;Santa Clarita;California;Los Angeles;sur
Santa Fe Springs;Santa Fe Springs;California;Los Angeles;sur
Santa Monica;Santa Monica;California;Los Angeles;sur
Sierra Madre;Sierra Madre;California;Los Angeles;sur
Signal Hill;Signal Hill;California;Los Angeles;sur
South El Monte;South El Monte;California;Los Angeles;sur
South Gate;South Gate;California;Los Angeles;sur
South Monrovia Island;South Monrovia Island;California;Los Angeles;sur
South Pasadena;South Pasadena;California;Los Angeles;sur
South San Gabriel;South San Gabriel;California;Los Angeles;sur
South San Jose Hills;South San Jose Hills;California;Los Angeles;sur
South Whittier;South Whittier;California;Los Angeles;sur
Stevenson Ranch;Stevenson Ranch;California;Los Angeles;sur
Sun Village;Sun Village;California;Los Angeles;sur
Temple City;Temple City;California;Los Angeles;sur
Topanga;Topanga;California;Los Angeles;sur
Torrance;Torrance;California;Los Angeles;sur
Val Verde;Val Verde;California;Los Angeles;sur
Valinda;Valinda;California;Los Angeles;sur
Vernon;Vernon;California;Los Angeles;sur
View Park-Windsor Hills;View Park-Windsor Hills;California;Los Angeles;sur
Vincent;Vincent;California;Los Angeles;sur
Walnut;Walnut;California;Los Angeles;sur
Walnut Park;Walnut Park;California;Los Angeles;sur
West Athens;West Athens;California;Los Angeles;sur
West Carson;West Carson;California;Los Angeles;sur
West Covina;West Covina;California;Los Angeles;sur
West Hollywood;West Hollywood;California;Los Angeles;sur
West Puente Valley;West Puente Valley;California;Los Angeles;sur
West Rancho Dominguez;West Rancho Dominguez;California;Los Angeles;sur
West Whittier-Los Nietos;West Whittier-Los Nietos;California;Los Angeles;sur
Westlake Village;Westlake Village;California;Los Angeles;sur
Westmont;Westmont;California;Los Angeles;sur
Whittier;Whittier;California;Los Angeles;sur
Willowbrook;Willowbrook;California;Los Angeles;sur
Canoga Park;Canoga Park;California;Los Angeles;sur
Canyon Country;Canyon Country;California;Los Angeles;sur
Chatsworth;Chatsworth;California;Los Angeles;sur
Encino;Encino;California;Los Angeles;sur
Granada Hills;Granada Hills;California;Los Angeles;sur
Harbor City;Harbor City;California;Los Angeles;sur
La Crescenta;La Crescenta;California;Los Angeles;sur
Llano;Llano;California;Los Angeles;sur
Montrose;Montrose;California;Los Angeles;sur
Newhall;Newhall;California;Los Angeles;sur
North Hills;North Hills;California;Los Angeles;sur
North Hollywood;North Hollywood;California;Los Angeles;sur
Northridge;Northridge;California;Los Angeles;sur
Pacific Palisades;Pacific Palisades;California;Los Angeles;sur
Pacoima;Pacoima;California;Los Angeles;sur
Palos Verdes Peninsula;Palos Verdes Peninsula;California;Los Angeles;sur
Panorama City;Panorama City;California;Los Angeles;sur
Pearblossom;Pearblossom;California;Los Angeles;sur
Playa Del Rey;Playa Del Rey;California;Los Angeles;sur
Porter Ranch;Porter Ranch;California;Los Angeles;sur
Reseda;Reseda;California;Los Angeles;sur
San Pedro;San Pedro;California;Los Angeles;sur
Sherman Oaks;Sherman Oaks;California;Los Angeles;sur
Studio City;Studio City;California;Los Angeles;sur
Sun Valley;Sun Valley;California;Los Angeles;sur
Sunland;Sunland;California;Los Angeles;sur
Sylmar;Sylmar;California;Los Angeles;sur
Tarzana;Tarzana;California;Los Angeles;sur
Tujunga;Tujunga;California;Los Angeles;sur
Valencia;Valencia;California;Los Angeles;sur
Valley Village;Valley Village;California;Los Angeles;sur
Valyermo;Valyermo;California;Los Angeles;sur
Van Nuys;Van Nuys;California;Los Angeles;sur
Venice;Venice;California;Los Angeles;sur
West Hills;West Hills;California;Los Angeles;sur
Wilmington;Wilmington;California;Los Angeles;sur
Winnetka;Winnetka;California;Los Angeles;sur
Woodland Hills;Woodland Hills;California;Los Angeles;sur
